sample_id,chromosome,position,end_position,gene_name,variant_type,quality_score,coverage_depth,ref_allele,alt_allele,population_freq,clinical_significance
SAMPLE_001,chr1,12345,12345,BRCA1,SNP,95.2,45,A,T,0.23,Benign
SAMPLE_002,chr2,23456,23458,TP53,INDEL,87.5,38,ATG,A,0.12,Pathogenic
SAMPLE_003,chr3,34567,34567,EGFR,SNP,92.1,52,G,C,0.45,VUS
SAMPLE_004,chr4,45678,45680,KRAS,INDEL,89.3,41,CCT,C,0.08,Likely_Pathogenic
SAMPLE_005,chr5,56789,56789,PIK3CA,SNP,94.7,48,T,G,0.34,Benign
SAMPLE_006,chr6,67890,67890,PTEN,SNP,91.2,55,C,A,0.19,VUS
SAMPLE_007,chr7,78901,78903,APC,INDEL,88.6,43,GAT,G,0.15,Pathogenic
SAMPLE_008,chr8,89012,89012,MYC,SNP,93.4,49,A,G,0.67,Benign
SAMPLE_009,chr9,90123,90123,CDKN2A,SNP,86.8,37,T,C,0.28,Likely_Benign
SAMPLE_010,chr10,12340,12342,RB1,INDEL,90.5,46,TAC,T,0.11,Pathogenic
SAMPLE_011,chr11,23451,23451,ATM,SNP,92.7,51,G,T,0.22,VUS
SAMPLE_012,chr12,34562,34562,MDM2,SNP,87.9,44,C,T,0.56,Benign
SAMPLE_013,chr13,45673,45675,BRCA2,INDEL,91.3,47,AGC,A,0.09,Pathogenic
SAMPLE_014,chr14,56784,56784,MLH1,SNP,89.1,42,A,C,0.31,Likely_Benign
SAMPLE_015,chr15,67895,67895,MSH2,SNP,94.2,53,T,A,0.18,VUS
SAMPLE_016,chr16,78906,78908,CDH1,INDEL,88.4,39,CTG,C,0.13,Likely_Pathogenic
SAMPLE_017,chr17,89017,89017,NF1,SNP,93.6,50,G,A,0.41,Benign
SAMPLE_018,chr18,90128,90128,SMAD4,SNP,85.7,36,C,G,0.25,VUS
SAMPLE_019,chr19,12351,12353,STK11,INDEL,91.8,48,GTA,G,0.14,Pathogenic
SAMPLE_020,chr20,23462,23462,GNAS,SNP,90.2,45,T,G,0.38,Benign
SAMPLE_021,chr21,34573,34573,RUNX1,SNP,92.5,52,A,T,0.27,Likely_Benign
SAMPLE_022,chr22,45684,45686,NF2,INDEL,87.1,40,CAT,C,0.16,Pathogenic
SAMPLE_023,chrX,56795,56795,AR,SNP,93.9,49,G,C,0.33,VUS
SAMPLE_024,chrY,67806,67806,SRY,SNP,89.7,43,T,A,0.21,Benign
SAMPLE_025,chr1,78917,78917,BRCA1,SNP,91.4,46,C,T,0.29,Likely_Benign
SAMPLE_026,chr2,89028,89030,TP53,INDEL,88.2,41,GCT,G,0.12,Pathogenic
SAMPLE_027,chr3,90139,90139,EGFR,SNP,94.8,54,A,G,0.48,Benign
SAMPLE_028,chr4,12352,12354,KRAS,INDEL,86.9,38,TGA,T,0.17,Likely_Pathogenic
SAMPLE_029,chr5,23463,23463,PIK3CA,SNP,92.3,50,G,T,0.35,VUS
SAMPLE_030,chr6,34574,34574,PTEN,SNP,90.6,47,C,A,0.24,Benign
SAMPLE_031,chr7,45685,45687,APC,INDEL,89.8,42,ACG,A,0.11,Pathogenic
SAMPLE_032,chr8,56796,56796,MYC,SNP,93.1,51,T,C,0.52,Benign
SAMPLE_033,chr9,67807,67807,CDKN2A,SNP,87.5,39,A,G,0.28,Likely_Benign
SAMPLE_034,chr10,78918,78920,RB1,INDEL,91.7,48,GAC,G,0.13,Pathogenic
SAMPLE_035,chr11,89029,89029,ATM,SNP,88.9,44,C,T,0.31,VUS
SAMPLE_036,chr12,90140,90140,MDM2,SNP,94.5,53,T,A,0.46,Benign
SAMPLE_037,chr13,12353,12355,BRCA2,INDEL,85.8,37,CTG,C,0.08,Pathogenic
SAMPLE_038,chr14,23464,23464,MLH1,SNP,92.2,49,G,C,0.26,Likely_Benign
SAMPLE_039,chr15,34575,34575,MSH2,SNP,90.4,46,A,T,0.19,VUS
SAMPLE_040,chr16,45686,45688,CDH1,INDEL,89.1,41,TAG,T,0.15,Likely_Pathogenic
SAMPLE_041,chr17,56797,56797,NF1,SNP,93.7,52,C,G,0.37,Benign
SAMPLE_042,chr18,67808,67808,SMAD4,SNP,86.3,38,T,A,0.23,VUS
SAMPLE_043,chr19,78919,78921,STK11,INDEL,91.9,47,ATC,A,0.12,Pathogenic
SAMPLE_044,chr20,89030,89030,GNAS,SNP,88.6,43,G,T,0.34,Benign
SAMPLE_045,chr21,90141,90141,RUNX1,SNP,94.1,51,A,C,0.28,Likely_Benign
SAMPLE_046,chr22,12354,12356,NF2,INDEL,87.4,40,GCA,G,0.14,Pathogenic
SAMPLE_047,chrX,23465,23465,AR,SNP,92.8,48,T,G,0.32,VUS
SAMPLE_048,chrY,34576,34576,SRY,SNP,90.1,45,C,A,0.21,Benign
SAMPLE_049,chr1,45687,45687,BRCA1,SNP,89.3,42,A,T,0.25,Likely_Benign
SAMPLE_050,chr2,56798,56800,TP53,INDEL,91.6,49,TCG,T,0.09,Pathogenic
SAMPLE_051,chr3,67809,67809,EGFR,SNP,93.2,53,G,C,0.44,Benign
SAMPLE_052,chr4,78920,78922,KRAS,INDEL,86.7,36,ATG,A,0.16,Likely_Pathogenic
SAMPLE_053,chr5,89031,89031,PIK3CA,SNP,94.4,54,T,G,0.33,VUS
SAMPLE_054,chr6,90142,90142,PTEN,SNP,88.8,44,C,A,0.22,Benign
SAMPLE_055,chr7,12355,12357,APC,INDEL,92.5,50,GAT,G,0.13,Pathogenic
SAMPLE_056,chr8,23466,23466,MYC,SNP,90.7,47,A,G,0.59,Benign
SAMPLE_057,chr9,34577,34577,CDKN2A,SNP,87.2,39,T,C,0.27,Likely_Benign
SAMPLE_058,chr10,45688,45690,RB1,INDEL,91.8,48,TAC,T,0.10,Pathogenic
SAMPLE_059,chr11,56799,56799,ATM,SNP,89.5,43,G,T,0.29,VUS
SAMPLE_060,chr12,67810,67810,MDM2,SNP,93.9,52,C,T,0.51,Benign
SAMPLE_061,chr13,78921,78923,BRCA2,INDEL,85.6,35,AGC,A,0.07,Pathogenic
SAMPLE_062,chr14,89032,89032,MLH1,SNP,94.3,55,A,C,0.24,Likely_Benign
SAMPLE_063,chr15,90143,90143,MSH2,SNP,88.1,41,T,A,0.18,VUS
SAMPLE_064,chr16,12356,12358,CDH1,INDEL,92.1,49,CTG,C,0.14,Likely_Pathogenic
SAMPLE_065,chr17,23467,23467,NF1,SNP,90.4,46,G,A,0.36,Benign
SAMPLE_066,chr18,34578,34578,SMAD4,SNP,86.9,38,C,G,0.26,VUS
SAMPLE_067,chr19,45689,45691,STK11,INDEL,91.2,47,GTA,G,0.11,Pathogenic
SAMPLE_068,chr20,56800,56800,GNAS,SNP,89.8,44,T,G,0.35,Benign
SAMPLE_069,chr21,67811,67811,RUNX1,SNP,93.6,51,A,T,0.30,Likely_Benign
SAMPLE_070,chr22,78922,78924,NF2,INDEL,87.3,40,CAT,C,0.15,Pathogenic
SAMPLE_071,chrX,89033,89033,AR,SNP,94.7,53,G,C,0.31,VUS
SAMPLE_072,chrY,90144,90144,SRY,SNP,88.5,42,T,A,0.20,Benign
SAMPLE_073,chr1,12357,12357,BRCA1,SNP,92.4,50,C,T,0.28,Likely_Benign
SAMPLE_074,chr2,23468,23470,TP53,INDEL,89.7,45,GCT,G,0.12,Pathogenic
SAMPLE_075,chr3,34579,34579,EGFR,SNP,91.1,48,A,G,0.47,Benign
SAMPLE_076,chr4,45690,45692,KRAS,INDEL,87.8,41,TGA,T,0.17,Likely_Pathogenic
SAMPLE_077,chr5,56801,56801,PIK3CA,SNP,93.5,52,G,T,0.34,VUS
SAMPLE_078,chr6,67812,67812,PTEN,SNP,90.2,46,C,A,0.23,Benign
SAMPLE_079,chr7,78923,78925,APC,INDEL,88.4,39,ACG,A,0.10,Pathogenic
SAMPLE_080,chr8,89034,89034,MYC,SNP,94.8,54,T,C,0.58,Benign
SAMPLE_081,chr9,90145,90145,CDKN2A,SNP,86.1,37,A,G,0.25,Likely_Benign
SAMPLE_082,chr10,12358,12360,RB1,INDEL,92.6,49,GAC,G,0.13,Pathogenic
SAMPLE_083,chr11,23469,23469,ATM,SNP,89.9,44,C,T,0.32,VUS
SAMPLE_084,chr12,34580,34580,MDM2,SNP,91.3,47,T,A,0.49,Benign
SAMPLE_085,chr13,45691,45693,BRCA2,INDEL,88.7,42,CTG,C,0.08,Pathogenic
SAMPLE_086,chr14,56802,56802,MLH1,SNP,93.2,51,G,C,0.27,Likely_Benign
SAMPLE_087,chr15,67813,67813,MSH2,SNP,87.6,40,A,T,0.19,VUS
SAMPLE_088,chr16,78924,78926,CDH1,INDEL,91.5,48,TAG,T,0.16,Likely_Pathogenic
SAMPLE_089,chr17,89035,89035,NF1,SNP,90.8,46,C,G,0.38,Benign
SAMPLE_090,chr18,90146,90146,SMAD4,SNP,85.4,36,T,A,0.24,VUS
SAMPLE_091,chr19,12359,12361,STK11,INDEL,92.9,50,ATC,A,0.11,Pathogenic
SAMPLE_092,chr20,23470,23470,GNAS,SNP,89.1,43,G,T,0.33,Benign
SAMPLE_093,chr21,34581,34581,RUNX1,SNP,94.6,53,A,C,0.29,Likely_Benign
SAMPLE_094,chr22,45692,45694,NF2,INDEL,86.8,39,GCA,G,0.14,Pathogenic
SAMPLE_095,chrX,56803,56803,AR,SNP,91.7,47,T,G,0.31,VUS
SAMPLE_096,chrY,67814,67814,SRY,SNP,88.3,41,C,A,0.22,Benign
SAMPLE_097,chr1,78925,78925,BRCA1,SNP,93.8,52,A,T,0.26,Likely_Benign
SAMPLE_098,chr2,89036,89038,TP53,INDEL,90.5,46,TCG,T,0.09,Pathogenic
SAMPLE_099,chr3,90147,90147,EGFR,SNP,87.9,40,G,C,0.45,Benign
SAMPLE_100,chr4,12360,12362,KRAS,INDEL,92.1,49,ATG,A,0.18,Likely_Pathogenic
SAMPLE_101,chr5,23471,23471,PIK3CA,SNP,89.4,44,T,G,0.35,VUS
SAMPLE_102,chr6,34582,34582,PTEN,SNP,94.2,54,C,A,0.21,Benign
SAMPLE_103,chr7,45693,45695,APC,INDEL,86.6,38,GAT,G,0.12,Pathogenic
SAMPLE_104,chr8,56804,56804,MYC,SNP,91.8,48,A,G,0.61,Benign
SAMPLE_105,chr9,67815,67815,CDKN2A,SNP,88.2,42,T,C,0.28,Likely_Benign
SAMPLE_106,chr10,78926,78928,RB1,INDEL,93.4,51,TAC,T,0.11,Pathogenic
SAMPLE_107,chr11,89037,89037,ATM,SNP,90.7,47,G,T,0.30,VUS
SAMPLE_108,chr12,90148,90148,MDM2,SNP,87.1,39,C,T,0.53,Benign
SAMPLE_109,chr13,12361,12363,BRCA2,INDEL,92.3,50,AGC,A,0.07,Pathogenic
SAMPLE_110,chr14,23472,23472,MLH1,SNP,89.6,45,A,C,0.25,Likely_Benign
SAMPLE_111,chr15,34583,34583,MSH2,SNP,94.9,55,T,A,0.17,VUS
SAMPLE_112,chr16,45694,45696,CDH1,INDEL,85.8,37,CTG,C,0.15,Likely_Pathogenic
SAMPLE_113,chr17,56805,56805,NF1,SNP,91.2,48,G,A,0.39,Benign
SAMPLE_114,chr18,67816,67816,SMAD4,SNP,88.9,43,C,G,0.27,VUS
SAMPLE_115,chr19,78927,78929,STK11,INDEL,93.1,52,GTA,G,0.10,Pathogenic
SAMPLE_116,chr20,89038,89038,GNAS,SNP,90.4,46,T,G,0.36,Benign
SAMPLE_117,chr21,90149,90149,RUNX1,SNP,86.7,40,A,T,0,31,Likely_Benign
SAMPLE_118,chr22,12362,12364,NF2,INDEL,92.8,49,CAT,C,0.16,Pathogenic
SAMPLE_119,chrX,23473,23473,AR,SNP,89.3,44,G,C,0.32,VUS
SAMPLE_120,chrY,34584,34584,SRY,SNP,94.5,53,T,A,0.23,Benign
SAMPLE_121,chr1,45695,45695,BRCA1,SNP,87.4,41,C,T,0.27,Likely_Benign
SAMPLE_122,chr2,56806,56808,TP53,INDEL,91.6,47,GCT,G,0.13,Pathogenic
SAMPLE_123,chr3,67817,67817,EGFR,SNP,88.8,42,A,G,0.46,Benign
SAMPLE_124,chr4,78928,78930,KRAS,INDEL,93.7,51,TGA,T,0.19,Likely_Pathogenic
SAMPLE_125,chr5,89039,89039,PIK3CA,SNP,90.1,45,G,T,0.37,VUS
SAMPLE_126,chr6,90150,90150,PTEN,SNP,86.5,38,C,A,0.24,Benign
SAMPLE_127,chr7,12363,12365,APC,INDEL,92.4,50,ACG,A,0.11,Pathogenic
SAMPLE_128,chr8,23474,23474,MYC,SNP,89.7,44,T,C,0.54,Benign
SAMPLE_129,chr9,34585,34585,CDKN2A,SNP,94.1,54,A,G,0.26,Likely_Benign
SAMPLE_130,chr10,45696,45698,RB1,INDEL,87.9,41,GAC,G,0.12,Pathogenic
SAMPLE_131,chr11,56807,56807,ATM,SNP,91.5,48,C,T,0.33,VUS
SAMPLE_132,chr12,67818,67818,MDM2,SNP,88.6,43,T,A,0.48,Benign
SAMPLE_133,chr13,78929,78931,BRCA2,INDEL,93.8,52,CTG,C,0.08,Pathogenic
SAMPLE_134,chr14,89040,89040,MLH1,SNP,90.2,46,G,C,0.28,Likely_Benign
SAMPLE_135,chr15,90151,90151,MSH2,SNP,85.7,39,A,T,0.20,VUS
SAMPLE_136,chr16,12364,12366,CDH1,INDEL,92.1,49,TAG,T,0.17,Likely_Pathogenic
SAMPLE_137,chr17,23475,23475,NF1,SNP,89.4,45,C,G,0.40,Benign
SAMPLE_138,chr18,34586,34586,SMAD4,SNP,94.6,55,T,A,0.25,VUS
SAMPLE_139,chr19,45697,45699,STK11,INDEL,86.3,37,ATC,A,0.09,Pathogenic
SAMPLE_140,chr20,56808,56808,GNAS,SNP,91.9,48,G,T,0.34,Benign
SAMPLE_141,chr21,67819,67819,RUNX1,SNP,88.1,42,A,C,0.32,Likely_Benign
SAMPLE_142,chr22,78930,78932,NF2,INDEL,93.3,51,GCA,G,0.15,Pathogenic
SAMPLE_143,chrX,89041,89041,AR,SNP,90.8,47,T,G,0.33,VUS
SAMPLE_144,chrY,90152,90152,SRY,SNP,87.2,40,C,A,0.21,Benign
SAMPLE_145,chr1,12365,12365,BRCA1,SNP,94.4,54,A,T,0.29,Likely_Benign
SAMPLE_146,chr2,23476,23478,TP53,INDEL,89.1,44,TCG,T,0.10,Pathogenic
SAMPLE_147,chr3,34587,34587,EGFR,SNP,92.6,50,G,C,0.44,Benign
SAMPLE_148,chr4,45698,45700,KRAS,INDEL,86.8,39,ATG,A,0.16,Likely_Pathogenic
SAMPLE_149,chr5,56809,56809,PIK3CA,SNP,91.3,47,T,G,0.36,VUS
SAMPLE_150,chr6,67820,67820,PTEN,SNP,88.7,43,C,A,0.22,Benign
SAMPLE_151,chr7,78931,78933,APC,INDEL,93.9,53,GAT,G,0.13,Pathogenic
SAMPLE_152,chr8,89042,89042,MYC,SNP,90.5,46,A,G,0.57,Benign
SAMPLE_153,chr9,90153,90153,CDKN2A,SNP,85.9,38,T,C,0.27,Likely_Benign
SAMPLE_154,chr10,12366,12368,RB1,INDEL,92.2,49,TAC,T,0.11,Pathogenic
SAMPLE_155,chr11,23477,23477,ATM,SNP,89.8,45,G,T,0.31,VUS
SAMPLE_156,chr12,34588,34588,MDM2,SNP,94.1,54,C,T,0.50,Benign
SAMPLE_157,chr13,45699,45701,BRCA2,INDEL,87.5,41,AGC,A,0.07,Pathogenic
SAMPLE_158,chr14,56810,56810,MLH1,SNP,91.7,48,A,C,0.26,Likely_Benign
SAMPLE_159,chr15,67821,67821,MSH2,SNP,88.4,42,T,A,0.18,VUS
SAMPLE_160,chr16,78932,78934,CDH1,INDEL,93.6,52,CTG,C,0.14,Likely_Pathogenic
SAMPLE_161,chr17,89043,89043,NF1,SNP,90.9,47,G,A,0.38,Benign
SAMPLE_162,chr18,90154,90154,SMAD4,SNP,86.2,39,C,G,0.24,VUS
SAMPLE_163,chr19,12367,12369,STK11,INDEL,92.8,50,GTA,G,0.12,Pathogenic
SAMPLE_164,chr20,23478,23478,GNAS,SNP,89.6,44,T,G,0.35,Benign
SAMPLE_165,chr21,34589,34589,RUNX1,SNP,94.3,55,A,T,0.30,Likely_Benign
SAMPLE_166,chr22,45700,45702,NF2,INDEL,85.7,37,CAT,C,0.17,Pathogenic
SAMPLE_167,chrX,56811,56811,AR,SNP,91.4,48,G,C,0.34,VUS
SAMPLE_168,chrY,67822,67822,SRY,SNP,88.9,43,T,A,0.20,Benign
SAMPLE_169,chr1,78933,78933,BRCA1,SNP,93.2,51,C,T,0.28,Likely_Benign
SAMPLE_170,chr2,89044,89046,TP53,INDEL,90.7,46,GCT,G,0.11,Pathogenic
SAMPLE_171,chr3,90155,90155,EGFR,SNP,87.1,40,A,G,0.45,Benign
SAMPLE_172,chr4,12368,12370,KRAS,INDEL,92.5,49,TGA,T,0.18,Likely_Pathogenic
SAMPLE_173,chr5,23479,23479,PIK3CA,SNP,89.8,45,G,T,0.37,VUS
SAMPLE_174,chr6,34590,34590,PTEN,SNP,94.7,54,C,A,0.23,Benign
SAMPLE_175,chr7,45701,45703,APC,INDEL,86.4,38,ACG,A,0.10,Pathogenic
SAMPLE_176,chr8,56812,56812,MYC,SNP,91.1,47,T,C,0.59,Benign
SAMPLE_177,chr9,67823,67823,CDKN2A,SNP,88.6,42,A,G,0.25,Likely_Benign
SAMPLE_178,chr10,78934,78936,RB1,INDEL,93.4,52,GAC,G,0.13,Pathogenic
SAMPLE_179,chr11,89045,89045,ATM,SNP,90.2,46,C,T,0.32,VUS
SAMPLE_180,chr12,90156,90156,MDM2,SNP,85.8,39,T,A,0.51,Benign
SAMPLE_181,chr13,12369,12371,BRCA2,INDEL,92.6,50,CTG,C,0.08,Pathogenic
SAMPLE_182,chr14,23480,23480,MLH1,SNP,89.3,44,G,C,0.27,Likely_Benign
SAMPLE_183,chr15,34591,34591,MSH2,SNP,94.8,55,A,T,0.19,VUS
SAMPLE_184,chr16,45702,45704,CDH1,INDEL,87.7,41,TAG,T,0.16,Likely_Pathogenic
SAMPLE_185,chr17,56813,56813,NF1,SNP,91.5,48,C,G,0.39,Benign
SAMPLE_186,chr18,67824,67824,SMAD4,SNP,88.2,43,T,A,0.26,VUS
SAMPLE_187,chr19,78935,78937,STK11,INDEL,93.7,53,ATC,A,0.11,Pathogenic
SAMPLE_188,chr20,89046,89046,GNAS,SNP,90.4,46,G,T,0.33,Benign
SAMPLE_189,chr21,90157,90157,RUNX1,SNP,86.9,40,A,C,0.31,Likely_Benign
SAMPLE_190,chr22,12370,12372,NF2,INDEL,92.1,49,GCA,G,0.14,Pathogenic
SAMPLE_191,chrX,23481,23481,AR,SNP,89.7,45,T,G,0.32,VUS
SAMPLE_192,chrY,34592,34592,SRY,SNP,94.2,54,C,A,0.22,Benign
SAMPLE_193,chr1,45703,45703,BRCA1,SNP,87.8,41,A,T,0.26,Likely_Benign
SAMPLE_194,chr2,56814,56816,TP53,INDEL,91.3,47,TCG,T,0.12,Pathogenic
SAMPLE_195,chr3,67825,67825,EGFR,SNP,88.5,42,G,C,0.47,Benign
SAMPLE_196,chr4,78936,78938,KRAS,INDEL,93.8,52,ATG,A,0.17,Likely_Pathogenic
SAMPLE_197,chr5,89047,89047,PIK3CA,SNP,90.1,46,T,G,0.35,VUS
SAMPLE_198,chr6,90158,90158,PTEN,SNP,85.6,38,C,A,0.21,Benign
SAMPLE_199,chr7,12371,12373,APC,INDEL,92.4,50,GAT,G,0.13,Pathogenic
SAMPLE_200,chr8,23482,23482,MYC,SNP,89.9,45,A,G,0.56,Benign
SAMPLE_201,chr9,34593,34593,CDKN2A,SNP,94.6,55,T,C,0.28,Likely_Benign
SAMPLE_202,chr10,45704,45706,RB1,INDEL,86.3,39,TAC,T,0.10,Pathogenic
SAMPLE_203,chr11,56815,56815,ATM,SNP,91.8,48,G,T,0.30,VUS
SAMPLE_204,chr12,67826,67826,MDM2,SNP,88.7,43,C,T,0.49,Benign
SAMPLE_205,chr13,78937,78939,BRCA2,INDEL,93.1,51,AGC,A,0.07,Pathogenic
SAMPLE_206,chr14,89048,89048,MLH1,SNP,90.5,46,A,C,0.25,Likely_Benign
SAMPLE_207,chr15,90159,90159,MSH2,SNP,87.2,40,T,A,0.18,VUS
SAMPLE_208,chr16,12372,12374,CDH1,INDEL,92.7,49,CTG,C,0.15,Likely_Pathogenic
SAMPLE_209,chr17,23483,23483,NF1,SNP,89.4,44,G,A,0.37,Benign
SAMPLE_210,chr18,34594,34594,SMAD4,SNP,94.9,54,C,G,0.23,VUS
SAMPLE_211,chr19,45705,45707,STK11,INDEL,85.8,37,GTA,G,0.09,Pathogenic
SAMPLE_212,chr20,56816,56816,GNAS,SNP,91.2,47,T,G,0.34,Benign
SAMPLE_213,chr21,67827,67827,RUNX1,SNP,88.8,42,A,T,0.29,Likely_Benign
SAMPLE_214,chr22,78938,78940,NF2,INDEL,93.5,52,CAT,C,0.16,Pathogenic
SAMPLE_215,chrX,89049,89049,AR,SNP,90.9,46,G,C,0.31,VUS
SAMPLE_216,chrY,90160,90160,SRY,SNP,86.6,39,T,A,0.24,Benign
SAMPLE_217,chr1,12373,12373,BRCA1,SNP,92.3,50,C,T,0.27,Likely_Benign
SAMPLE_218,chr2,23484,23486,TP53,INDEL,89.6,44,GCT,G,0.11,Pathogenic
SAMPLE_219,chr3,34595,34595,EGFR,SNP,94.1,54,A,G,0.46,Benign
SAMPLE_220,chr4,45706,45708,KRAS,INDEL,87.4,41,TGA,T,0.19,Likely_Pathogenic
SAMPLE_221,chr5,56817,56817,PIK3CA,SNP,91.7,48,G,T,0.36,VUS
SAMPLE_222,chr6,67828,67828,PTEN,SNP,88.3,43,C,A,0.22,Benign
SAMPLE_223,chr7,78939,78941,APC,INDEL,93.6,53,ACG,A,0.12,Pathogenic
SAMPLE_224,chr8,89050,89050,MYC,SNP,90.8,47,T,C,0.58,Benign
SAMPLE_225,chr9,90161,90161,CDKN2A,SNP,85.1,36,A,G,0.26,Likely_Benign
SAMPLE_226,chr10,12374,12376,RB1,INDEL,92.2,49,GAC,G,0.14,Pathogenic
SAMPLE_227,chr11,23485,23485,ATM,SNP,89.5,45,C,T,0.33,VUS
SAMPLE_228,chr12,34596,34596,MDM2,SNP,94.4,55,T,A,0.52,Benign
SAMPLE_229,chr13,45707,45709,BRCA2,INDEL,86.7,40,CTG,C,0.08,Pathogenic
SAMPLE_230,chr14,56818,56818,MLH1,SNP,91.1,47,G,C,0.28,Likely_Benign
SAMPLE_231,chr15,67829,67829,MSH2,SNP,88.9,43,A,T,0.17,VUS
SAMPLE_232,chr16,78940,78942,CDH1,INDEL,93.8,52,TAG,T,0.15,Likely_Pathogenic
SAMPLE_233,chr17,89051,89051,NF1,SNP,90.2,46,C,G,0.38,Benign
SAMPLE_234,chr18,90162,90162,SMAD4,SNP,86.5,39,T,A,0.25,VUS
SAMPLE_235,chr19,12375,12377,STK11,INDEL,92.6,50,ATC,A,0.10,Pathogenic
SAMPLE_236,chr20,23486,23486,GNAS,SNP,89.3,44,G,T,0.32,Benign
SAMPLE_237,chr21,34597,34597,RUNX1,SNP,94.7,54,A,C,0.30,Likely_Benign
SAMPLE_238,chr22,45708,45710,NF2,INDEL,87.1,41,GCA,G,0.17,Pathogenic
SAMPLE_239,chrX,56819,56819,AR,SNP,91.4,48,T,G,0.33,VUS
SAMPLE_240,chrY,67830,67830,SRY,SNP,88.6,42,C,A,0.21,Benign
SAMPLE_241,chr1,78941,78941,BRCA1,SNP,93.9,53,A,T,0.24,Likely_Benign
SAMPLE_242,chr2,89052,89054,TP53,INDEL,90.7,46,TCG,T,0.13,Pathogenic
SAMPLE_243,chr3,90163,90163,EGFR,SNP,85.4,38,G,C,0.44,Benign
SAMPLE_244,chr4,12376,12378,KRAS,INDEL,92.1,49,ATG,A,0.16,Likely_Pathogenic
SAMPLE_245,chr5,23487,23487,PIK3CA,SNP,89.8,45,T,G,0.37,VUS
SAMPLE_246,chr6,34598,34598,PTEN,SNP,94.5,55,C,A,0.23,Benign
SAMPLE_247,chr7,45709,45711,APC,INDEL,86.9,40,GAT,G,0.11,Pathogenic
SAMPLE_248,chr8,56820,56820,MYC,SNP,91.6,47,A,G,0.60,Benign
SAMPLE_249,chr9,67831,67831,CDKN2A,SNP,88.2,42,T,C,0.27,Likely_Benign
SAMPLE_250,chr10,78942,78944,RB1,INDEL,93.3,51,TAC,T,0.12,Pathogenic
SAMPLE_251,chr11,89053,89053,ATM,SNP,90.4,46,G,T,0.31,VUS
SAMPLE_252,chr12,90164,90164,MDM2,SNP,87.7,41,C,T,0.50,Benign
SAMPLE_253,chr13,12377,12379,BRCA2,INDEL,92.8,50,AGC,A,0.07,Pathogenic
SAMPLE_254,chr14,23488,23488,MLH1,SNP,89.1,44,A,C,0.26,Likely_Benign
SAMPLE_255,chr15,34599,34599,MSH2,SNP,94.2,54,T,A,0.18,VUS
SAMPLE_256,chr16,45710,45712,CDH1,INDEL,85.8,38,CTG,C,0.14,Likely_Pathogenic
SAMPLE_257,chr17,56821,56821,NF1,SNP,91.5,48,G,A,0.39,Benign
SAMPLE_258,chr18,67832,67832,SMAD4,SNP,88.4,43,C,G,0.24,VUS
SAMPLE_259,chr19,78943,78945,STK11,INDEL,93.7,53,GTA,G,0.09,Pathogenic
SAMPLE_260,chr20,89054,89054,GNAS,SNP,90.9,47,T,G,0.35,Benign
SAMPLE_261,chr21,90165,90165,RUNX1,SNP,86.2,39,A,T,0.28,Likely_Benign
SAMPLE_262,chr22,12378,12380,NF2,INDEL,92.4,49,CAT,C,0.15,Pathogenic
SAMPLE_263,chrX,23489,23489,AR,SNP,89.7,45,G,C,0.32,VUS
SAMPLE_264,chrY,34600,34600,SRY,SNP,94.8,55,T,A,0.22,Benign
SAMPLE_265,chr1,45711,45711,BRCA1,SNP,87.3,41,C,T,0.25,Likely_Benign
SAMPLE_266,chr2,56822,56824,TP53,INDEL,91.1,47,GCT,G,0.10,Pathogenic
SAMPLE_267,chr3,67833,67833,EGFR,SNP,88.8,43,A,G,0.45,Benign
SAMPLE_268,chr4,78944,78946,KRAS,INDEL,93.4,52,TGA,T,0.18,Likely_Pathogenic
SAMPLE_269,chr5,89055,89055,PIK3CA,SNP,90.6,46,G,T,0.36,VUS
SAMPLE_270,chr6,90166,90166,PTEN,SNP,85.9,38,C,A,0.21,Benign
SAMPLE_271,chr7,12379,12381,APC,INDEL,92.2,49,ACG,A,0.13,Pathogenic
SAMPLE_272,chr8,23490,23490,MYC,SNP,89.5,44,T,C,0.57,Benign
SAMPLE_273,chr9,34601,34601,CDKN2A,SNP,94.1,54,A,G,0.29,Likely_Benign
SAMPLE_274,chr10,45712,45714,RB1,INDEL,86.6,40,GAC,G,0.11,Pathogenic
SAMPLE_275,chr11,56823,56823,ATM,SNP,91.9,48,C,T,0.32,VUS
SAMPLE_276,chr12,67834,67834,MDM2,SNP,88.1,42,T,A,0.51,Benign
SAMPLE_277,chr13,78945,78947,BRCA2,INDEL,93.6,53,CTG,C,0.08,Pathogenic
SAMPLE_278,chr14,89056,89056,MLH1,SNP,90.3,46,G,C,0.27,Likely_Benign
SAMPLE_279,chr15,90167,90167,MSH2,SNP,87.4,41,A,T,0.19,VUS
SAMPLE_280,chr16,12380,12382,CDH1,INDEL,92.7,50,TAG,T,0.16,Likely_Pathogenic
SAMPLE_281,chr17,23491,23491,NF1,SNP,89.8,45,C,G,0.40,Benign
SAMPLE_282,chr18,34602,34602,SMAD4,SNP,94.4,55,T,A,0.23,VUS
SAMPLE_283,chr19,45713,45715,STK11,INDEL,85.7,39,ATC,A,0.12,Pathogenic
SAMPLE_284,chr20,56824,56824,GNAS,SNP,91.3,47,G,T,0.33,Benign
SAMPLE_285,chr21,67835,67835,RUNX1,SNP,88.9,43,A,C,0.31,Likely_Benign
SAMPLE_286,chr22,78946,78948,NF2,INDEL,93.2,51,GCA,G,0.14,Pathogenic
SAMPLE_287,chrX,89057,89057,AR,SNP,90.5,46,T,G,0.34,VUS
SAMPLE_288,chrY,90168,90168,SRY,SNP,86.8,40,C,A,0.20,Benign
SAMPLE_289,chr1,12381,12381,BRCA1,SNP,92.6,50,A,T,0.26,Likely_Benign
SAMPLE_290,chr2,23492,23494,TP53,INDEL,89.2,44,TCG,T,0.11,Pathogenic
SAMPLE_291,chr3,34603,34603,EGFR,SNP,94.9,54,G,C,0.47,Benign
SAMPLE_292,chr4,45714,45716,KRAS,INDEL,87.1,41,ATG,A,0.17,Likely_Pathogenic
SAMPLE_293,chr5,56825,56825,PIK3CA,SNP,91.4,48,T,G,0.35,VUS
SAMPLE_294,chr6,67836,67836,PTEN,SNP,88.7,43,C,A,0.24,Benign
SAMPLE_295,chr7,78947,78949,APC,INDEL,93.8,53,GAT,G,0.10,Pathogenic
SAMPLE_296,chr8,89058,89058,MYC,SNP,90.1,45,A,G,0.59,Benign
SAMPLE_297,chr9,90169,90169,CDKN2A,SNP,85.4,37,T,C,0.28,Likely_Benign
SAMPLE_298,chr10,12382,12384,RB1,INDEL,92.3,49,TAC,T,0.13,Pathogenic
SAMPLE_299,chr11,23493,23493,ATM,SNP,89.9,45,G,T,0.30,VUS
SAMPLE_300,chr12,34604,34604,MDM2,SNP,94.6,55,C,T,0.48,Benign
SAMPLE_301,chr13,45715,45717,BRCA2,INDEL,86.2,39,AGC,A,0.07,Pathogenic
SAMPLE_302,chr14,56826,56826,MLH1,SNP,91.7,48,A,C,0.25,Likely_Benign
SAMPLE_303,chr15,67837,67837,MSH2,SNP,88.5,42,T,A,0.18,VUS
SAMPLE_304,chr16,78948,78950,CDH1,INDEL,93.1,51,CTG,C,0.15,Likely_Pathogenic
SAMPLE_305,chr17,89059,89059,NF1,SNP,90.8,47,G,A,0.38,Benign
SAMPLE_306,chr18,90170,90170,SMAD4,SNP,87.6,41,C,G,0.26,VUS
SAMPLE_307,chr19,12383,12385,STK11,INDEL,92.4,50,GTA,G,0.11,Pathogenic
SAMPLE_308,chr20,23494,23494,GNAS,SNP,89.3,44,T,G,0.34,Benign
SAMPLE_309,chr21,34605,34605,RUNX1,SNP,94.7,54,A,T,0.29,Likely_Benign
SAMPLE_310,chr22,45716,45718,NF2,INDEL,85.9,38,CAT,C,0.16,Pathogenic
SAMPLE_311,chrX,56827,56827,AR,SNP,91.2,47,G,C,0.31,VUS
SAMPLE_312,chrY,67838,67838,SRY,SNP,88.8,43,T,A,0.23,Benign
SAMPLE_313,chr1,78949,78949,BRCA1,SNP,93.5,52,C,T,0.27,Likely_Benign
SAMPLE_314,chr2,89060,89062,TP53,INDEL,90.4,46,GCT,G,0.12,Pathogenic
SAMPLE_315,chr3,90171,90171,EGFR,SNP,86.7,40,A,G,0.46,Benign
SAMPLE_316,chr4,12384,12386,KRAS,INDEL,92.8,50,TGA,T,0.19,Likely_Pathogenic
SAMPLE_317,chr5,23495,23495,PIK3CA,SNP,89.1,44,G,T,0.37,VUS
SAMPLE_318,chr6,34606,34606,PTEN,SNP,94.3,55,C,A,0.22,Benign
SAMPLE_319,chr7,45717,45719,APC,INDEL,87.8,41,ACG,A,0.13,Pathogenic
SAMPLE_320,chr8,56828,56828,MYC,SNP,91.6,48,T,C,0.58,Benign
SAMPLE_321,chr9,67839,67839,CDKN2A,SNP,88.2,42,A,G,0.25,Likely_Benign
SAMPLE_322,chr10,78950,78952,RB1,INDEL,93.9,53,GAC,G,0.14,Pathogenic
SAMPLE_323,chr11,89061,89061,ATM,SNP,90.7,47,C,T,0.33,VUS
SAMPLE_324,chr12,90172,90172,MDM2,SNP,85.3,37,T,A,0.49,Benign
SAMPLE_325,chr13,12385,12387,BRCA2,INDEL,92.1,49,CTG,C,0.08,Pathogenic
SAMPLE_326,chr14,23496,23496,MLH1,SNP,89.8,45,G,C,0.28,Likely_Benign
SAMPLE_327,chr15,34607,34607,MSH2,SNP,94.4,54,A,T,0.17,VUS
SAMPLE_328,chr16,45718,45720,CDH1,INDEL,86.1,39,TAG,T,0.15,Likely_Pathogenic
SAMPLE_329,chr17,56829,56829,NF1,SNP,91.3,47,C,G,0.39,Benign
SAMPLE_330,chr18,67840,67840,SMAD4,SNP,88.9,43,T,A,0.24,VUS
SAMPLE_331,chr19,78951,78953,STK11,INDEL,93.6,52,ATC,A,0.10,Pathogenic
SAMPLE_332,chr20,89062,89062,GNAS,SNP,90.2,46,G,T,0.32,Benign
SAMPLE_333,chr21,90173,90173,RUNX1,SNP,87.5,41,A,C,0.30,Likely_Benign
SAMPLE_334,chr22,12386,12388,NF2,INDEL,92.7,50,GCA,G,0.17,Pathogenic
SAMPLE_335,chrX,23497,23497,AR,SNP,89.4,44,T,G,0.33,VUS
SAMPLE_336,chrY,34608,34608,SRY,SNP,94.8,55,C,A,0.21,Benign
SAMPLE_337,chr1,45719,45719,BRCA1,SNP,86.6,40,A,T,0.24,Likely_Benign
SAMPLE_338,chr2,56830,56832,TP53,INDEL,91.9,48,TCG,T,0.13,Pathogenic
SAMPLE_339,chr3,67841,67841,EGFR,SNP,88.1,42,G,C,0.45,Benign
SAMPLE_340,chr4,78952,78954,KRAS,INDEL,93.2,51,ATG,A,0.16,Likely_Pathogenic
SAMPLE_341,chr5,89063,89063,PIK3CA,SNP,90.8,47,T,G,0.36,VUS
SAMPLE_342,chr6,90174,90174,PTEN,SNP,85.7,38,C,A,0.23,Benign
SAMPLE_343,chr7,12387,12389,APC,INDEL,92.5,49,GAT,G,0.12,Pathogenic
SAMPLE_344,chr8,23498,23498,MYC,SNP,89.3,44,A,G,0.57,Benign
SAMPLE_345,chr9,34609,34609,CDKN2A,SNP,94.1,54,T,C,0.27,Likely_Benign
SAMPLE_346,chr10,45720,45722,RB1,INDEL,87.4,41,TAC,T,0.11,Pathogenic
SAMPLE_347,chr11,56831,56831,ATM,SNP,91.7,48,G,T,0.31,VUS
SAMPLE_348,chr12,67842,67842,MDM2,SNP,88.6,43,C,T,0.52,Benign
SAMPLE_349,chr13,78953,78955,BRCA2,INDEL,93.8,53,AGC,A,0.07,Pathogenic
SAMPLE_350,chr14,89064,89064,MLH1,SNP,90.1,45,A,C,0.26,Likely_Benign
SAMPLE_351,chr15,90175,90175,MSH2,SNP,86.9,40,T,A,0.18,VUS
SAMPLE_352,chr16,12388,12390,CDH1,INDEL,92.3,49,CTG,C,0.14,Likely_Pathogenic
SAMPLE_353,chr17,23499,23499,NF1,SNP,89.7,45,G,A,0.37,Benign
SAMPLE_354,chr18,34610,34610,SMAD4,SNP,94.6,55,C,G,0.25,VUS
SAMPLE_355,chr19,45721,45723,STK11,INDEL,85.2,37,GTA,G,0.09,Pathogenic
SAMPLE_356,chr20,56832,56832,GNAS,SNP,91.4,47,T,G,0.35,Benign
SAMPLE_357,chr21,67843,67843,RUNX1,SNP,88.8,43,A,T,0.28,Likely_Benign
SAMPLE_358,chr22,78954,78956,NF2,INDEL,93.1,51,CAT,C,0.15,Pathogenic
SAMPLE_359,chrX,89065,89065,AR,SNP,90.5,46,G,C,0.32,VUS
SAMPLE_360,chrY,90176,90176,SRY,SNP,87.3,41,T,A,0.22,Benign
SAMPLE_361,chr1,12389,12389,BRCA1,SNP,92.9,50,C,T,0.25,Likely_Benign
SAMPLE_362,chr2,23500,23502,TP53,INDEL,89.6,44,GCT,G,0.10,Pathogenic
SAMPLE_363,chr3,34611,34611,EGFR,SNP,94.2,54,A,G,0.44,Benign
SAMPLE_364,chr4,45722,45724,KRAS,INDEL,86.8,40,TGA,T,0.18,Likely_Pathogenic
SAMPLE_365,chr5,56833,56833,PIK3CA,SNP,91.1,47,G,T,0.35,VUS
SAMPLE_366,chr6,67844,67844,PTEN,SNP,88.4,42,C,A,0.21,Benign
SAMPLE_367,chr7,78955,78957,APC,INDEL,93.7,52,ACG,A,0.13,Pathogenic
SAMPLE_368,chr8,89066,89066,MYC,SNP,90.9,47,T,C,0.59,Benign
SAMPLE_369,chr9,90177,90177,CDKN2A,SNP,85.6,38,A,G,0.26,Likely_Benign
SAMPLE_370,chr10,12390,12392,RB1,INDEL,92.2,49,GAC,G,0.12,Pathogenic
SAMPLE_371,chr11,23501,23501,ATM,SNP,89.8,45,C,T,0.32,VUS
SAMPLE_372,chr12,34612,34612,MDM2,SNP,94.5,55,T,A,0.50,Benign
SAMPLE_373,chr13,45723,45725,BRCA2,INDEL,87.1,41,CTG,C,0.08,Pathogenic
SAMPLE_374,chr14,56834,56834,MLH1,SNP,91.6,48,G,C,0.27,Likely_Benign
SAMPLE_375,chr15,67845,67845,MSH2,SNP,88.2,42,A,T,0.19,VUS
SAMPLE_376,chr16,78956,78958,CDH1,INDEL,93.4,52,TAG,T,0.16,Likely_Pathogenic
SAMPLE_377,chr17,89067,89067,NF1,SNP,90.7,47,C,G,0.38,Benign
SAMPLE_378,chr18,90178,90178,SMAD4,SNP,86.3,39,T,A,0.23,VUS
SAMPLE_379,chr19,12391,12393,STK11,INDEL,92.8,50,ATC,A,0.11,Pathogenic
SAMPLE_380,chr20,23502,23502,GNAS,SNP,89.1,44,G,T,0.33,Benign
SAMPLE_381,chr21,34613,34613,RUNX1,SNP,94.9,54,A,C,0.29,Likely_Benign
SAMPLE_382,chr22,45724,45726,NF2,INDEL,85.4,37,GCA,G,0.14,Pathogenic
SAMPLE_383,chrX,56835,56835,AR,SNP,91.3,47,T,G,0.34,VUS
SAMPLE_384,chrY,67846,67846,SRY,SNP,88.9,43,C,A,0.20,Benign
SAMPLE_385,chr1,78957,78957,BRCA1,SNP,93.6,52,A,T,0.26,Likely_Benign
SAMPLE_386,chr2,89068,89070,TP53,INDEL,90.2,46,TCG,T,0.12,Pathogenic
SAMPLE_387,chr3,90179,90179,EGFR,SNP,87.5,41,G,C,0.47,Benign
SAMPLE_388,chr4,12392,12394,KRAS,INDEL,92.1,49,ATG,A,0.17,Likely_Pathogenic
SAMPLE_389,chr5,23503,23503,PIK3CA,SNP,89.8,45,T,G,0.37,VUS
SAMPLE_390,chr6,34614,34614,PTEN,SNP,94.4,55,C,A,0.24,Benign
SAMPLE_391,chr7,45725,45727,APC,INDEL,86.7,40,GAT,G,0.10,Pathogenic
SAMPLE_392,chr8,56836,56836,MYC,SNP,91.5,48,A,G,0.56,Benign
SAMPLE_393,chr9,67847,67847,CDKN2A,SNP,88.1,42,T,C,0.28,Likely_Benign
SAMPLE_394,chr10,78958,78960,RB1,INDEL,93.8,53,TAC,T,0.13,Pathogenic
SAMPLE_395,chr11,89069,89069,ATM,SNP,90.4,46,G,T,0.30,VUS
SAMPLE_396,chr12,90180,90180,MDM2,SNP,85.8,38,C,T,0.51,Benign
SAMPLE_397,chr13,12393,12395,BRCA2,INDEL,92.7,50,AGC,A,0.07,Pathogenic
SAMPLE_398,chr14,23504,23504,MLH1,SNP,89.3,44,A,C,0.25,Likely_Benign
SAMPLE_399,chr15,34615,34615,MSH2,SNP,94.1,54,T,A,0.18,VUS
SAMPLE_400,chr16,45726,45728,CDH1,INDEL,87.6,41,CTG,C,0.15,Likely_Pathogenic
SAMPLE_401,chr17,56837,56837,NF1,SNP,91.2,47,G,A,0.39,Benign
SAMPLE_402,chr18,67848,67848,SMAD4,SNP,88.8,43,C,G,0.26,VUS
SAMPLE_403,chr19,78959,78961,STK11,INDEL,93.5,52,GTA,G,0.09,Pathogenic
SAMPLE_404,chr20,89070,89070,GNAS,SNP,90.8,47,T,G,0.34,Benign
SAMPLE_405,chr21,90181,90181,RUNX1,SNP,86.4,39,A,T,0.31,Likely_Benign
SAMPLE_406,chr22,12394,12396,NF2,INDEL,92.3,49,CAT,C,0.16,Pathogenic
SAMPLE_407,chrX,23505,23505,AR,SNV,89.7,45,G,C,0.31,VUS
SAMPLE_408,chrY,34616,34616,SRY,SNP,94.6,55,T,A,0.23,Benign
SAMPLE_409,chr1,45727,45727,BRCA1,SNP,87.2,41,C,T,0.27,Likely_Benign
SAMPLE_410,chr2,56838,56840,TP53,INDEL,91.8,48,GCT,G,0.11,Pathogenic
SAMPLE_411,chr3,67849,67849,EGFR,SNP,88.5,42,A,G,0.46,Benign
SAMPLE_412,chr4,78960,78962,KRAS,INDEL,93.1,51,TGA,T,0.19,Likely_Pathogenic
SAMPLE_413,chr5,89071,89071,PIK3CA,SNP,90.7,47,G,T,0.36,VUS
SAMPLE_414,chr6,90182,90182,PTEN,SNP,85.9,38,C,A,0.22,Benign
SAMPLE_415,chr7,12395,12397,APC,INDEL,92.4,50,ACG,A,0.12,Pathogenic
SAMPLE_416,chr8,23506,23506,MYC,SNP,89.1,44,T,C,0.58,Benign
SAMPLE_417,chr9,34617,34617,CDKN2A,SNP,94.8,55,A,G,0.25,Likely_Benign
SAMPLE_418,chr10,45728,45730,RB1,INDEL,86.5,40,GAC,G,0.14,Pathogenic
SAMPLE_419,chr11,56839,56839,ATM,SNP,91.9,48,C,T,0.33,VUS
SAMPLE_420,chr12,67850,67850,MDM2,SNP,88.3,43,T,A,0.49,Benign
SAMPLE_421,chr13,78961,78963,BRCA2,INDEL,93.7,53,CTG,C,0.08,Pathogenic
SAMPLE_422,chr14,89072,89072,MLH1,SNP,90.2,46,G,C,0.28,Likely_Benign
SAMPLE_423,chr15,90183,90183,MSH2,SNP,87.4,41,A,T,0.17,VUS
SAMPLE_424,chr16,12396,12398,CDH1,INDEL,92.6,49,TAG,T,0.15,Likely_Pathogenic
SAMPLE_425,chr17,23507,23507,NF1,SNP,89.8,45,C,G,0.37,Benign
SAMPLE_426,chr18,34618,34618,SMAD4,SNP,94.3,54,T,A,0.24,VUS
SAMPLE_427,chr19,45729,45731,STK11,INDEL,85.1,37,ATC,A,0.10,Pathogenic
SAMPLE_428,chr20,56840,56840,GNAS,SNP,91.5,47,G,T,0.32,Benign
SAMPLE_429,chr21,67851,67851,RUNX1,SNP,88.7,42,A,C,0.30,Likely_Benign
SAMPLE_430,chr22,78962,78964,NF2,INDEL,93.2,51,GCA,G,0.17,Pathogenic
SAMPLE_431,chrX,89073,89073,AR,SNP,90.4,46,T,G,0.33,VUS
SAMPLE_432,chrY,90184,90184,SRY,SNP,86.8,40,C,A,0.21,Benign
SAMPLE_433,chr1,12397,12397,BRCA1,SNP,92.1,49,A,T,0.25,Likely_Benign
SAMPLE_434,chr2,23508,23510,TP53,INDEL,89.9,45,TCG,T,0.13,Pathogenic
SAMPLE_435,chr3,34619,34619,EGFR,SNP,94.7,55,G,C,0.45,Benign
SAMPLE_436,chr4,45730,45732,KRAS,INDEL,87.3,41,ATG,A,0.16,Likely_Pathogenic
SAMPLE_437,chr5,56841,56841,PIK3CA,SNP,91.6,48,T,G,0.35,VUS
SAMPLE_438,chr6,67852,67852,PTEN,SNP,88.2,42,C,A,0.23,Benign
SAMPLE_439,chr7,78963,78965,APC,INDEL,93.8,53,GAT,G,0.11,Pathogenic
SAMPLE_440,chr8,89074,89074,MYC,SNP,90.5,46,A,G,0.57,Benign
SAMPLE_441,chr9,90185,90185,CDKN2A,SNP,85.6,38,T,C,0.27,Likely_Benign
SAMPLE_442,chr10,12398,12400,RB1,INDEL,92.9,50,TAC,T,0.12,Pathogenic
SAMPLE_443,chr11,23509,23509,ATM,SNP,89.2,44,G,T,0.31,VUS
SAMPLE_444,chr12,34620,34620,MDM2,SNP,94.4,54,C,T,0.52,Benign
SAMPLE_445,chr13,45731,45733,BRCA2,INDEL,86.9,40,AGC,A,0.07,Pathogenic
SAMPLE_446,chr14,56842,56842,MLH1,SNP,91.7,48,A,C,0.26,Likely_Benign
SAMPLE_447,chr15,67853,67853,MSH2,SNP,88.1,42,T,A,0.18,VUS
SAMPLE_448,chr16,78964,78966,CDH1,INDEL,93.3,52,CTG,C,0.14,Likely_Pathogenic
SAMPLE_449,chr17,89075,89075,NF1,SNP,90.9,47,G,A,0.38,Benign
SAMPLE_450,chr18,90186,90186,SMAD4,SNP,87.5,41,C,G,0.25,VUS
SAMPLE_451,chr19,12399,12401,STK11,INDEL,92.2,49,GTA,G,0.09,Pathogenic
SAMPLE_452,chr20,23510,23510,GNAS,SNP,89.8,45,T,G,0.33,Benign
SAMPLE_453,chr21,34621,34621,RUNX1,SNP,94.1,54,A,T,0.29,Likely_Benign
SAMPLE_454,chr22,45732,45734,NF2,INDEL,85.4,37,CAT,C,0.15,Pathogenic
SAMPLE_455,chrX,56843,56843,AR,SNP,91.8,48,G,C,0.32,VUS
SAMPLE_456,chrY,67854,67854,SRY,SNP,88.6,43,T,A,0.22,Benign
SAMPLE_457,chr1,78965,78965,BRCA1,SNP,93.4,52,C,T,0.26,Likely_Benign
SAMPLE_458,chr2,89076,89078,TP53,INDEL,90.1,46,GCT,G,0.10,Pathogenic
SAMPLE_459,chr3,90187,90187,EGFR,SNP,86.7,40,A,G,0.44,Benign
SAMPLE_460,chr4,12400,12402,KRAS,INDEL,92.6,50,TGA,T,0.18,Likely_Pathogenic
SAMPLE_461,chr5,23511,23511,PIK3CA,SNP,89.3,44,G,T,0.37,VUS
SAMPLE_462,chr6,34622,34622,PTEN,SNP,94.9,55,C,A,0.21,Benign
SAMPLE_463,chr7,45733,45735,APC,INDEL,87.8,41,ACG,A,0.13,Pathogenic
SAMPLE_464,chr8,56844,56844,MYC,SNP,91.2,47,T,C,0.59,Benign
SAMPLE_465,chr9,67855,67855,CDKN2A,SNP,88.9,43,A,G,0.28,Likely_Benign
SAMPLE_466,chr10,78966,78968,RB1,INDEL,93.6,53,GAC,G,0.11,Pathogenic
SAMPLE_467,chr11,89077,89077,ATM,SNP,90.8,47,C,T,0.32,VUS
SAMPLE_468,chr12,90188,90188,MDM2,SNP,85.2,37,T,A,0.50,Benign
SAMPLE_469,chr13,12401,12403,BRCA2,INDEL,92.5,49,CTG,C,0.08,Pathogenic
SAMPLE_470,chr14,23512,23512,MLH1,SNP,89.7,45,G,C,0.27,Likely_Benign
SAMPLE_471,chr15,34623,34623,MSH2,SNP,94.2,54,A,T,0.19,VUS
SAMPLE_472,chr16,45734,45736,CDH1,INDEL,86.1,39,TAG,T,0.16,Likely_Pathogenic
SAMPLE_473,chr17,56845,56845,NF1,SNP,91.9,48,C,G,0.39,Benign
SAMPLE_474,chr18,67856,67856,SMAD4,SNP,88.4,42,T,A,0.23,VUS
SAMPLE_475,chr19,78967,78969,STK11,INDEL,93.7,52,ATC,A,0.12,Pathogenic
SAMPLE_476,chr20,89078,89078,GNAS,SNP,90.3,46,G,T,0.34,Benign
SAMPLE_477,chr21,90189,90189,RUNX1,SNP,87.6,41,A,C,0.28,Likely_Benign
SAMPLE_478,chr22,12402,12404,NF2,INDEL,92.8,50,GCA,G,0.14,Pathogenic
SAMPLE_479,chrX,23513,23513,AR,SNP,89.1,44,T,G,0.31,VUS
SAMPLE_480,chrY,34624,34624,SRY,SNP,94.5,55,C,A,0.20,Benign
SAMPLE_481,chr1,45735,45735,BRCA1,SNP,86.8,40,A,T,0.24,Likely_Benign
SAMPLE_482,chr2,56846,56848,TP53,INDEL,91.4,47,TCG,T,0.11,Pathogenic
SAMPLE_483,chr3,67857,67857,EGFR,SNP,88.7,43,G,C,0.46,Benign
SAMPLE_484,chr4,78968,78970,KRAS,INDEL,93.1,51,ATG,A,0.17,Likely_Pathogenic
SAMPLE_485,chr5,89079,89079,PIK3CA,SNP,90.9,47,T,G,0.36,VUS
SAMPLE_486,chr6,90190,90190,PTEN,SNP,85.5,38,C,A,0.24,Benign
SAMPLE_487,chr7,12403,12405,APC,INDEL,92.2,49,GAT,G,0.10,Pathogenic
SAMPLE_488,chr8,23514,23514,MYC,SNP,89.8,45,A,G,0.58,Benign
SAMPLE_489,chr9,34625,34625,CDKN2A,SNP,94.6,55,T,C,0.25,Likely_Benign
SAMPLE_490,chr10,45736,45738,RB1,INDEL,87.3,41,TAC,T,0.13,Pathogenic
SAMPLE_491,chr11,56847,56847,ATM,SNP,91.1,47,G,T,0.30,VUS
SAMPLE_492,chr12,67858,67858,MDM2,SNP,88.6,42,C,T,0.51,Benign
SAMPLE_493,chr13,78969,78971,BRCA2,INDEL,93.8,53,AGC,A,0.07,Pathogenic
SAMPLE_494,chr14,89080,89080,MLH1,SNP,90.4,46,A,C,0.25,Likely_Benign
SAMPLE_495,chr15,90191,90191,MSH2,SNP,86.9,40,T,A,0.18,VUS
SAMPLE_496,chr16,12404,12406,CDH1,INDEL,92.7,50,CTG,C,0.15,Likely_Pathogenic
SAMPLE_497,chr17,23515,23515,NF1,SNP,89.2,44,G,A,0.37,Benign
SAMPLE_498,chr18,34626,34626,SMAD4,SNP,94.3,54,C,G,0.26,VUS
SAMPLE_499,chr19,45737,45739,STK11,INDEL,85.8,38,GTA,G,0.09,Pathogenic
SAMPLE_500,chr20,56848,56848,GNAS,SNP,91.6,48,T,G,0.35,Benign
SAMPLE_501,chr21,67859,67859,RUNX1,SNP,88.1,42,A,T,0.31,Likely_Benign
SAMPLE_502,chr22,78970,78972,NF2,INDEL,93.9,53,CAT,C,0.16,Pathogenic
SAMPLE_503,chrX,89081,89081,AR,SNP,90.7,47,G,C,0.33,VUS
SAMPLE_504,chrY,90192,90192,SRY,SNP,87.4,41,T,A,0.23,Benign
SAMPLE_505,chr1,12405,12405,BRCA1,SNP,92.3,49,C,T,0.27,Likely_Benign
SAMPLE_506,chr2,23516,23518,TP53,INDEL,89.6,45,GCT,G,0.12,Pathogenic
SAMPLE_507,chr3,34627,34627,EGFR,SNP,94.8,55,A,G,0.47,Benign
SAMPLE_508,chr4,45738,45740,KRAS,INDEL,86.2,39,TGA,T,0.19,Likely_Pathogenic
SAMPLE_509,chr5,56849,56849,PIK3CA,SNP,91.5,48,G,T,0.35,VUS
SAMPLE_510,chr6,67860,67860,PATEN,SNP,88.8,43,C,A,0.22,Benign
SAMPLE_511,chr7,78971,78973,APC,INDEL,93.4,52,ACG,A,0.11,Pathogenic
SAMPLE_512,chr8,89082,89082,MYC,SNP,90.1,46,T,C,0.57,Benign
SAMPLE_513,chr9,90193,90193,CDKN2A,SNP,85.7,38,A,G,0.28,Likely_Benign
SAMPLE_514,chr10,12406,12408,RB1,INDEL,92.9,50,GAC,G,0.14,Pathogenic
SAMPLE_515,chr11,23517,23517,ATM,SNP,89.5,45,C,T,0.33,VUS
SAMPLE_516,chr12,34628,34628,MDM2,SNP,94.1,54,T,A,0.48,Benign
SAMPLE_517,chr13,45739,45741,BRCA2,INDEL,87.6,41,CTG,C,0.08,Pathogenic
SAMPLE_518,chr14,56850,56850,MLH1,SNP,91.8,48,G,C,0.28,Likely_Benign
SAMPLE_519,chr15,67861,67861,MSH2,SNP,88.3,42,A,T,0.17,VUS
SAMPLE_520,chr16,78972,78974,CDH1,INDEL,93.6,53,TAG,T,0.16,Likely_Pathogenic
SAMPLE_521,chr17,89083,89083,NF1,SNP,90.8,47,C,G,0.38,Benign
SAMPLE_522,chr18,90194,90194,SMAD4,SNP,86.4,39,T,A,0.24,VUS
SAMPLE_523,chr19,12407,12409,STK11,INDEL,92.2,49,ATC,A,0.10,Pathogenic
SAMPLE_524,chr20,23518,23518,GNAS,SNP,89.9,45,G,T,0.32,Benign
SAMPLE_525,chr21,34629,34629,RUNX1,SNP,94.4,55,A,C,0.30,Likely_Benign
SAMPLE_526,chr22,45740,45742,NF2,INDEL,85.1,37,GCA,G,0.17,Pathogenic
SAMPLE_527,chrX,56851,56851,AR,SNP,91.7,48,T,G,0.34,VUS
SAMPLE_528,chrY,67862,67862,SRY,SNP,88.9,43,C,A,0.21,Benign
SAMPLE_529,chr1,78973,78973,BRCA1,SNP,93.2,51,A,T,0.25,Likely_Benign
SAMPLE_530,chr2,89084,89086,TP53,INDEL,90.6,46,TCG,T,0.13,Pathogenic
SAMPLE_531,chr3,90195,90195,EGFR,SNP,87.8,41,G,C,0.45,Benign
SAMPLE_532,chr4,12408,12410,KRAS,INDEL,92.5,49,ATG,A,0.16,Likely_Pathogenic
SAMPLE_533,chr5,23519,23519,PIK3CA,SNP,89.1,44,T,G,0.37,VUS
SAMPLE_534,chr6,34630,34630,PTEN,SNP,94.7,55,C,A,0.23,Benign
SAMPLE_535,chr7,45741,45743,APC,INDEL,86.5,40,GAT,G,0.12,Pathogenic
SAMPLE_536,chr8,56852,56852,MYC,SNP,91.3,47,A,G,0.59,Benign
SAMPLE_537,chr9,67863,67863,CDKN2A,SNP,88.7,42,T,C,0.26,Likely_Benign
SAMPLE_538,chr10,78974,78976,RB1,INDEL,93.8,53,TAC,T,0.11,Pathogenic
SAMPLE_539,chr11,89085,89085,ATM,SNP,90.2,46,G,T,0.31,VUS
SAMPLE_540,chr12,90196,90196,MDM2,SNP,85.9,38,C,T,0.52,Benign
SAMPLE_541,chr13,12409,12411,BRCA2,INDEL,92.6,50,AGC,A,0.07,Pathogenic
SAMPLE_542,chr14,23520,23520,MLH1,SNP,89.8,45,A,C,0.26,Likely_Benign
SAMPLE_543,chr15,34631,34631,MSH2,SNP,94.2,54,T,A,0.18,VUS
SAMPLE_544,chr16,45742,45744,CDH1,INDEL,87.1,41,CTG,C,0.14,Likely_Pathogenic
SAMPLE_545,chr17,56853,56853,NF1,SNP,91.9,48,G,A,0.39,Benign
SAMPLE_546,chr18,67864,67864,SMAD4,SNP,88.4,42,C,G,0.25,VUS
SAMPLE_547,chr19,78975,78977,STK11,INDEL,93.1,51,GTA,G,0.09,Pathogenic
SAMPLE_548,chr20,89086,89086,GNAS,SNP,90.7,47,T,G,0.33,Benign
SAMPLE_549,chr21,90197,90197,RUNX1,SNP,86.8,40,A,T,0.29,Likely_Benign
SAMPLE_550,chr22,12410,12412,NF2,INDEL,92.4,49,CAT,C,0.15,Pathogenic
SAMPLE_551,chrX,23521,23521,AR,SNP,89.3,44,G,C,0.32,VUS
SAMPLE_552,chrY,34632,34632,SRY,SNP,94.6,55,T,A,0.22,Benign
SAMPLE_553,chr1,45743,45743,BRCA1,SNP,87.7,41,C,T,0.26,Likely_Benign
SAMPLE_554,chr2,56854,56856,TP53,INDEL,91.1,47,GCT,G,0.10,Pathogenic
SAMPLE_555,chr3,67865,67865,EGFR,SNP,88.6,43,A,G,0.46,Benign
SAMPLE_556,chr4,78976,78978,KRAS,INDEL,93.9,53,TGA,T,0.18,Likely_Pathogenic
SAMPLE_557,chr5,89087,89087,PIK3CA,SNP,90.3,46,G,T,0.36,VUS
SAMPLE_558,chr6,90198,90198,PTEN,SNP,85.6,38,C,A,0.21,Benign
SAMPLE_559,chr7,12411,12413,APC,INDEL,92.8,50,ACG,A,0.13,Pathogenic
SAMPLE_560,chr8,23522,23522,MYC,SNP,89.2,44,T,C,0.56,Benign
SAMPLE_561,chr9,34633,34633,CDKN2A,SNP,94.5,55,A,G,0.27,Likely_Benign
SAMPLE_562,chr10,45744,45746,RB1,INDEL,86.9,40,GAC,G,0.12,Pathogenic
SAMPLE_563,chr11,56855,56855,ATM,SNP,91.6,48,C,T,0.32,VUS
SAMPLE_564,chr12,67866,67866,MDM2,SNP,88.1,42,T,A,0.49,Benign
SAMPLE_565,chr13,78977,78979,BRCA2,INDEL,93.4,52,CTG,C,0.08,Pathogenic
SAMPLE_566,chr14,89088,89088,MLH1,SNP,90.9,47,G,C,0.27,Likely_Benign
SAMPLE_567,chr15,90199,90199,MSH2,SNP,87.5,41,A,T,0.19,VUS
SAMPLE_568,chr16,12412,12414,CDH1,INDEL,92.1,49,TAG,T,0.15,Likely_Pathogenic
SAMPLE_569,chr17,23523,23523,NF1,SNP,89.8,45,C,G,0.37,Benign
SAMPLE_570,chr18,34634,34634,SMAD4,SNP,94.7,55,T,A,0.23,VUS
SAMPLE_571,chr19,45745,45747,STK11,INDEL,85.4,37,ATC,A,0.11,Pathogenic
SAMPLE_572,chr20,56856,56856,GNAS,SNP,91.2,47,G,T,0.34,Benign
SAMPLE_573,chr21,67867,67867,RUNX1,SNP,88.8,43,A,C,0.28,Likely_Benign
SAMPLE_574,chr22,78978,78980,NF2,INDEL,93.6,53,GCA,G,0.16,Pathogenic
SAMPLE_575,chrX,89089,89089,AR,SNP,90.4,46,T,G,0.31,VUS
SAMPLE_576,chrY,90200,90200,SRY,SNP,86.7,40,C,A,0.24,Benign
SAMPLE_577,chr1,12413,12413,BRCA1,SNP,92.9,50,A,T,0.28,Likely_Benign
SAMPLE_578,chr2,23524,23526,TP53,INDEL,89.5,45,TCG,T,0.12,Pathogenic
SAMPLE_579,chr3,34635,34635,EGFR,SNP,94.1,54,G,C,0.44,Benign
SAMPLE_580,chr4,45746,45748,KRAS,INDEL,87.8,41,ATG,A,0.17,Likely_Pathogenic
SAMPLE_581,chr5,56857,56857,PIK3CA,SNP,91.7,48,T,G,0.35,VUS
SAMPLE_582,chr6,67868,67868,PTEN,SNP,88.3,42,C,A,0.22,Benign
SAMPLE_583,chr7,78979,78981,APC,INDEL,93.2,51,GAT,G,0.10,Pathogenic
SAMPLE_584,chr8,89090,89090,MYC,SNP,90.8,47,A,G,0.58,Benign
SAMPLE_585,chr9,90201,90201,CDKN2A,SNP,85.1,36,T,C,0.25,Likely_Benign
SAMPLE_586,chr10,12414,12416,RB1,INDEL,92.5,49,TAC,T,0.13,Pathogenic
SAMPLE_587,chr11,23525,23525,ATM,SNP,89.9,45,G,T,0.30,VUS
SAMPLE_588,chr12,34636,34636,MDM2,SNP,94.4,55,C,T,0.51,Benign
SAMPLE_589,chr13,45747,45749,BRCA2,INDEL,86.6,40,AGC,A,0.07,Pathogenic
SAMPLE_590,chr14,56858,56858,MLH1,SNP,91.1,47,A,C,0.25,Likely_Benign
SAMPLE_591,chr15,67869,67869,MSH2,SNP,88.9,43,T,A,0.18,VUS
SAMPLE_592,chr16,78980,78982,CDH1,INDEL,93.8,53,CTG,C,0.14,Likely_Pathogenic
SAMPLE_593,chr17,89091,89091,NF1,SNP,90.2,46,G,A,0.38,Benign
SAMPLE_594,chr18,90202,90202,SMAD4,SNP,86.5,39,C,G,0.26,VUS
SAMPLE_595,chr19,12415,12417,STK11,INDEL,92.7,50,GTA,G,0.09,Pathogenic
SAMPLE_596,chr20,23526,23526,GNAS,SNP,89.4,44,T,G,0.32,Benign
SAMPLE_597,chr21,34637,34637,RUNX1,SNP,94.8,55,A,T,0.31,Likely_Benign
SAMPLE_598,chr22,45748,45750,NF2,INDEL,87.2,41,CAT,C,0.17,Pathogenic
SAMPLE_599,chrX,56859,56859,AR,SNP,91.5,48,G,C,0.33,VUS
SAMPLE_600,chrY,67870,67870,SRY,SNP,88.7,42,T,A,0.20,Benign
SAMPLE_601,chr1,78981,78981,BRCA1,SNP,93.3,52,C,T,0.24,Likely_Benign
SAMPLE_602,chr2,89092,89094,TP53,INDEL,90.6,46,GCT,G,0.11,Pathogenic
SAMPLE_603,chr3,90203,90203,EGFR,SNP,85.9,38,A,G,0.45,Benign
SAMPLE_604,chr4,12416,12418,KRAS,INDEL,92.1,49,TGA,T,0.19,Likely_Pathogenic
SAMPLE_605,chr5,23527,23527,PIK3CA,SNP,89.8,45,G,T,0.37,VUS
SAMPLE_606,chr6,34638,34638,PTEN,SNP,94.5,55,C,A,0.23,Benign
SAMPLE_607,chr7,45749,45751,APC,INDEL,86.3,39,ACG,A,0.12,Pathogenic
SAMPLE_608,chr8,56860,56860,MYC,SNP,91.9,48,T,C,0.57,Benign
SAMPLE_609,chr9,67871,67871,CDKN2A,SNP,88.2,42,A,G,0.28,Likely_Benign
SAMPLE_610,chr10,78982,78984,RB1,INDEL,93.7,53,GAC,G,0.14,Pathogenic
SAMPLE_611,chr11,89093,89093,ATM,SNP,90.4,46,C,T,0.33,VUS
SAMPLE_612,chr12,90204,90204,MDM2,SNP,87.6,41,T,A,0.50,Benign
SAMPLE_613,chr13,12417,12419,BRCA2,INDEL,92.8,50,CTG,C,0.08,Pathogenic
SAMPLE_614,chr14,23528,23528,MLH1,SNP,89.1,44,G,C,0.26,Likely_Benign
SAMPLE_615,chr15,34639,34639,MSH2,SNP,94.2,54,A,T,0.17,VUS
SAMPLE_616,chr16,45750,45752,CDH1,INDEL,85.8,38,TAG,T,0.15,Likely_Pathogenic
SAMPLE_617,chr17,56861,56861,NF1,SNP,91.6,48,C,G,0.39,Benign
SAMPLE_618,chr18,67872,67872,SMAD4,SNP,88.4,43,T,A,0.24,VUS
SAMPLE_619,chr19,78983,78985,STK11,INDEL,93.1,51,ATC,A,0.10,Pathogenic
SAMPLE_620,chr20,89094,89094,GNAS,SNP,90.9,47,G,T,0.35,Benign
SAMPLE_621,chr21,90205,90205,RUNX1,SNP,86.2,39,A,C,0.29,Likely_Benign
SAMPLE_622,chr22,12418,12420,NF2,INDEL,92.4,49,GCA,G,0.16,Pathogenic
SAMPLE_623,chrX,23529,23529,AR,SNP,89.7,45,T,G,0.32,VUS
SAMPLE_624,chrY,34640,34640,SRY,SNP,94.6,55,C,A,0.21,Benign
SAMPLE_625,chr1,45751,45751,BRCA1,SNP,87.3,41,A,T,0.25,Likely_Benign
SAMPLE_626,chr2,56862,56864,TP53,INDEL,91.2,47,TCG,T,0.13,Pathogenic
SAMPLE_627,chr3,67873,67873,EGFR,SNP,88.8,43,G,C,0.46,Benign
SAMPLE_628,chr4,78984,78986,KRAS,INDEL,93.5,52,ATG,A,0.16,Likely_Pathogenic
SAMPLE_629,chr5,89095,89095,PIK3CA,SNP,90.1,46,T,G,0.36,VUS
SAMPLE_630,chr6,90206,90206,PTEN,SNP,85.7,38,C,A,0.21,Benign
SAMPLE_631,chr7,12419,12421,APC,INDEL,92.9,50,GAT,G,0.11,Pathogenic
SAMPLE_632,chr8,23530,23530,MYC,SNP,89.6,45,A,G,0.59,Benign
SAMPLE_633,chr9,34641,34641,CDKN2A,SNP,94.3,54,T,C,0.27,Likely_Benign
SAMPLE_634,chr10,45752,45754,RB1,INDEL,86.4,40,TAC,T,0.12,Pathogenic
SAMPLE_635,chr11,56863,56863,ATM,SNP,91.8,48,G,T,0.31,VUS
SAMPLE_636,chr12,67874,67874,MDM2,SNP,88.1,42,C,T,0.52,Benign
SAMPLE_637,chr13,78985,78987,BRCA2,INDEL,93.6,53,AGC,A,0.07,Pathogenic
SAMPLE_638,chr14,89096,89096,MLH1,SNP,90.3,46,A,C,0.27,Likely_Benign
SAMPLE_639,chr15,90207,90207,MSH2,SNP,87.9,41,T,A,0.18,VUS
SAMPLE_640,chr16,12420,12422,CDH1,INDEL,92.2,49,CTG,C,0.16,Likely_Pathogenic
SAMPLE_641,chr17,23531,23531,NF1,SNP,89.8,45,G,A,0.37,Benign
SAMPLE_642,chr18,34642,34642,SMAD4,SNP,94.7,55,C,G,0.25,VUS
SAMPLE_643,chr19,45753,45755,STK11,INDEL,85.1,37,GTA,G,0.09,Pathogenic
SAMPLE_644,chr20,56864,56864,GNAS,SNP,91.4,47,T,G,0.33,Benign
SAMPLE_645,chr21,67875,67875,RUNX1,SNP,88.9,43,A,T,0.30,Likely_Benign
SAMPLE_646,chr22,78986,78988,NF2,INDEL,93.8,53,CAT,C,0.14,Pathogenic
SAMPLE_647,chrX,89097,89097,AR,SNP,90.5,46,G,C,0.34,VUS
SAMPLE_648,chrY,90208,90208,SRY,SNP,86.8,40,T,A,0.22,Benign
SAMPLE_649,chr1,12421,12421,BRCA1,SNP,92.6,50,C,T,0.26,Likely_Benign
SAMPLE_650,chr2,23532,23534,TP53,INDEL,89.2,44,GCT,G,0.10,Pathogenic
SAMPLE_651,chr3,34643,34643,EGFR,SNP,94.9,55,A,G,0.47,Benign
SAMPLE_652,chr4,45754,45756,KRAS,INDEL,87.1,41,TGA,T,0.18,Likely_Pathogenic
SAMPLE_653,chr5,56865,56865,PIK3CA,SNP,91.7,48,G,T,0.35,VUS
SAMPLE_654,chr6,67876,67876,PTEN,SNP,88.4,42,C,A,0.24,Benign
SAMPLE_655,chr7,78987,78989,APC,INDEL,93.1,51,ACG,A,0.13,Pathogenic
SAMPLE_656,chr8,89098,89098,MYC,SNP,90.8,47,T,C,0.58,Benign
SAMPLE_657,chr9,90209,90209,CDKN2A,SNP,85.5,38,A,G,0.26,Likely_Benign
SAMPLE_658,chr10,12422,12424,RB1,INDEL,92.3,49,GAC,G,0.11,Pathogenic
SAMPLE_659,chr11,23533,23533,ATM,SNP,89.9,45,C,T,0.32,VUS
SAMPLE_660,chr12,34644,34644,MDM2,SNP,94.4,54,T,A,0.49,Benign
SAMPLE_661,chr13,45755,45757,BRCA2,INDEL,86.7,40,CTG,C,0.08,Pathogenic
SAMPLE_662,chr14,56866,56866,MLH1,SNP,91.1,47,G,C,0.25,Likely_Benign
SAMPLE_663,chr15,67877,67877,MSH2,SNP,88.6,43,A,T,0.19,VUS
SAMPLE_664,chr16,78988,78990,CDH1,INDEL,93.9,53,TAG,T,0.14,Likely_Pathogenic
SAMPLE_665,chr17,89099,89099,NF1,SNP,90.2,46,C,G,0.38,Benign
SAMPLE_666,chr18,90210,90210,SMAD4,SNP,86.8,40,T,A,0.23,VUS
SAMPLE_667,chr19,12423,12425,STK11,INDEL,92.7,50,ATC,A,0.12,Pathogenic
SAMPLE_668,chr20,23534,23534,GNAS,SNP,89.3,44,G,T,0.34,Benign
SAMPLE_669,chr21,34645,34645,RUNX1,SNP,94.8,55,A,C,0.28,Likely_Benign
SAMPLE_670,chr22,45756,45758,NF2,INDEL,87.4,41,GCA,G,0.17,Pathogenic
SAMPLE_671,chrX,56867,56867,AR,SNP,91.6,48,T,G,0.31,VUS
SAMPLE_672,chrY,67878,67878,SRY,SNP,88.1,42,C,A,0.23,Benign
SAMPLE_673,chr1,78989,78989,BRCA1,SNP,93.5,52,A,T,0.27,Likely_Benign
SAMPLE_674,chr2,89100,89102,TP53,INDEL,90.4,46,TCG,T,0.11,Pathogenic
SAMPLE_675,chr3,90211,90211,EGFR,SNP,85.6,38,G,C,0.44,Benign
SAMPLE_676,chr4,12424,12426,KRAS,INDEL,92.8,50,ATG,A,0.17,Likely_Pathogenic
SAMPLE_677,chr5,23535,23535,PIK3CA,SNP,89.1,44,T,G,0.37,VUS
SAMPLE_678,chr6,34646,34646,PTEN,SNP,94.3,54,C,A,0.22,Benign
SAMPLE_679,chr7,45757,45759,APC,INDEL,86.9,40,GAT,G,0.10,Pathogenic
SAMPLE_680,chr8,56868,56868,MYC,SNP,91.7,48,A,G,0.56,Benign
SAMPLE_681,chr9,67879,67879,CDKN2A,SNP,88.2,42,T,C,0.25,Likely_Benign
SAMPLE_682,chr10,78990,78992,RB1,INDEL,93.4,52,TAC,T,0.13,Pathogenic
SAMPLE_683,chr11,89101,89101,ATM,SNP,90.7,47,G,T,0.30,VUS
SAMPLE_684,chr12,90212,90212,MDM2,SNP,87.8,41,C,T,0.51,Benign
SAMPLE_685,chr13,12425,12427,BRCA2,INDEL,92.1,49,AGC,A,0.07,Pathogenic
SAMPLE_686,chr14,23536,23536,MLH1,SNP,89.8,45,A,C,0.26,Likely_Benign
SAMPLE_687,chr15,34647,34647,MSH2,SNP,94.6,55,T,A,0.18,VUS
SAMPLE_688,chr16,45758,45760,CDH1,INDEL,85.3,37,CTG,C,0.15,Likely_Pathogenic
SAMPLE_689,chr17,56869,56869,NF1,SNP,91.9,48,G,A,0.39,Benign
SAMPLE_690,chr18,67880,67880,SMAD4,SNP,88.5,43,C,G,0.26,VUS
SAMPLE_691,chr19,78991,78993,STK11,INDEL,93.2,51,GTA,G,0.09,Pathogenic
SAMPLE_692,chr20,89102,89102,GNAS,SNP,90.8,47,T,G,0.32,Benign
SAMPLE_693,chr21,90213,90213,RUNX1,SNP,86.4,39,A,T,0.31,Likely_Benign
SAMPLE_694,chr22,12426,12428,NF2,INDEL,92.5,49,CAT,C,0.16,Pathogenic
SAMPLE_695,chrX,23537,23537,AR,SNP,89.7,45,G,C,0.33,VUS
SAMPLE_696,chrY,34648,34648,SRY,SNP,94.1,54,T,A,0.21,Benign
SAMPLE_697,chr1,45759,45759,BRCA1,SNP,87.6,41,C,T,0.24,Likely_Benign
SAMPLE_698,chr2,56870,56872,TP53,INDEL,91.3,47,GCT,G,0.12,Pathogenic
SAMPLE_699,chr3,67881,67881,EGFR,SNP,88.9,43,A,G,0.45,Benign
SAMPLE_700,chr4,78992,78994,KRAS,INDEL,93.6,53,TGA,T,0.19,Likely_Pathogenic
SAMPLE_701,chr5,89103,89103,PIK3CA,SNP,90.2,46,G,T,0.36,VUS
SAMPLE_702,chr6,90214,90214,PTEN,SNP,85.8,38,C,A,0.23,Benign
SAMPLE_703,chr7,12427,12429,APC,INDEL,92.4,50,AC
